mat_ID,material,x_sec,locs_left,locs_center,locs_right,Delta_x
0,water,"['0.2', '0.2', '1.666666667', '0.17', '0.03', '0', '0', '0', '0', '1.1', '1.1', '0.303030303', '1.1', '0', '0', '0', '0', '0']",0,0.02079375,0.0415875,0.0415875
0,water,"['0.2', '0.2', '1.666666667', '0.17', '0.03', '0', '0', '0', '0', '1.1', '1.1', '0.303030303', '1.1', '0', '0', '0', '0', '0']",0.0415875,0.06238125,0.083175,0.0415875
0,water,"['0.2', '0.2', '1.666666667', '0.17', '0.03', '0', '0', '0', '0', '1.1', '1.1', '0.303030303', '1.1', '0', '0', '0', '0', '0']",0.083175,0.10396875,0.1247625,0.0415875
0,water,"['0.2', '0.2', '1.666666667', '0.17', '0.03', '0', '0', '0', '0', '1.1', '1.1', '0.303030303', '1.1', '0', '0', '0', '0', '0']",0.1247625,0.14555625,0.16635,0.0415875
1,U_fuel,"['0.2', '0.2', '1.666666667', '0.185', '0.015', '0', '0', '0', '1', '1', '1', '0.333333333', '0.8', '0', '0.2', '0.18', '1.4', '0']",0.16635,0.30457500000000004,0.4428000000000001,0.27645000000000003
1,U_fuel,"['0.2', '0.2', '1.666666667', '0.185', '0.015', '0', '0', '0', '1', '1', '1', '0.333333333', '0.8', '0', '0.2', '0.18', '1.4', '0']",0.4428000000000001,0.5810250000000001,0.7192500000000002,0.27645000000000003
1,U_fuel,"['0.2', '0.2', '1.666666667', '0.185', '0.015', '0', '0', '0', '1', '1', '1', '0.333333333', '0.8', '0', '0.2', '0.18', '1.4', '0']",0.7192500000000002,0.8574750000000002,0.9957000000000003,0.27645000000000003
1,U_fuel,"['0.2', '0.2', '1.666666667', '0.185', '0.015', '0', '0', '0', '1', '1', '1', '0.333333333', '0.8', '0', '0.2', '0.18', '1.4', '0']",0.9957000000000003,1.1339250000000003,1.2721500000000003,0.27645000000000003
0,water,"['0.2', '0.2', '1.666666667', '0.17', '0.03', '0', '0', '0', '0', '1.1', '1.1', '0.303030303', '1.1', '0', '0', '0', '0', '0']",1.2721500000000003,1.3137375000000002,1.3553250000000001,0.083175
0,water,"['0.2', '0.2', '1.666666667', '0.17', '0.03', '0', '0', '0', '0', '1.1', '1.1', '0.303030303', '1.1', '0', '0', '0', '0', '0']",1.3553250000000001,1.3969125,1.4385,0.083175
0,water,"['0.2', '0.2', '1.666666667', '0.17', '0.03', '0', '0', '0', '0', '1.1', '1.1', '0.303030303', '1.1', '0', '0', '0', '0', '0']",1.4385,1.4800874999999998,1.5216749999999997,0.083175
0,water,"['0.2', '0.2', '1.666666667', '0.17', '0.03', '0', '0', '0', '0', '1.1', '1.1', '0.303030303', '1.1', '0', '0', '0', '0', '0']",1.5216749999999997,1.5632624999999996,1.6048499999999994,0.083175
1,U_fuel,"['0.2', '0.2', '1.666666667', '0.185', '0.015', '0', '0', '0', '1', '1', '1', '0.333333333', '0.8', '0', '0.2', '0.18', '1.4', '0']",1.6048499999999994,1.7430749999999995,1.8812999999999995,0.27645000000000003
1,U_fuel,"['0.2', '0.2', '1.666666667', '0.185', '0.015', '0', '0', '0', '1', '1', '1', '0.333333333', '0.8', '0', '0.2', '0.18', '1.4', '0']",1.8812999999999995,2.0195249999999993,2.157749999999999,0.27645000000000003
1,U_fuel,"['0.2', '0.2', '1.666666667', '0.185', '0.015', '0', '0', '0', '1', '1', '1', '0.333333333', '0.8', '0', '0.2', '0.18', '1.4', '0']",2.157749999999999,2.295974999999999,2.434199999999999,0.27645000000000003
1,U_fuel,"['0.2', '0.2', '1.666666667', '0.185', '0.015', '0', '0', '0', '1', '1', '1', '0.333333333', '0.8', '0', '0.2', '0.18', '1.4', '0']",2.434199999999999,2.5724249999999986,2.7106499999999984,0.27645000000000003
0,water,"['0.2', '0.2', '1.666666667', '0.17', '0.03', '0', '0', '0', '0', '1.1', '1.1', '0.303030303', '1.1', '0', '0', '0', '0', '0']",2.7106499999999984,2.7522374999999983,2.7938249999999982,0.083175
0,water,"['0.2', '0.2', '1.666666667', '0.17', '0.03', '0', '0', '0', '0', '1.1', '1.1', '0.303030303', '1.1', '0', '0', '0', '0', '0']",2.7938249999999982,2.835412499999998,2.876999999999998,0.083175
0,water,"['0.2', '0.2', '1.666666667', '0.17', '0.03', '0', '0', '0', '0', '1.1', '1.1', '0.303030303', '1.1', '0', '0', '0', '0', '0']",2.876999999999998,2.918587499999998,2.960174999999998,0.083175
0,water,"['0.2', '0.2', '1.666666667', '0.17', '0.03', '0', '0', '0', '0', '1.1', '1.1', '0.303030303', '1.1', '0', '0', '0', '0', '0']",2.960174999999998,3.0017624999999977,3.0433499999999976,0.083175
1,U_fuel,"['0.2', '0.2', '1.666666667', '0.185', '0.015', '0', '0', '0', '1', '1', '1', '0.333333333', '0.8', '0', '0.2', '0.18', '1.4', '0']",3.0433499999999976,3.1815749999999974,3.319799999999997,0.27645000000000003
1,U_fuel,"['0.2', '0.2', '1.666666667', '0.185', '0.015', '0', '0', '0', '1', '1', '1', '0.333333333', '0.8', '0', '0.2', '0.18', '1.4', '0']",3.319799999999997,3.458024999999997,3.596249999999997,0.27645000000000003
1,U_fuel,"['0.2', '0.2', '1.666666667', '0.185', '0.015', '0', '0', '0', '1', '1', '1', '0.333333333', '0.8', '0', '0.2', '0.18', '1.4', '0']",3.596249999999997,3.7344749999999967,3.8726999999999965,0.27645000000000003
1,U_fuel,"['0.2', '0.2', '1.666666667', '0.185', '0.015', '0', '0', '0', '1', '1', '1', '0.333333333', '0.8', '0', '0.2', '0.18', '1.4', '0']",3.8726999999999965,4.010924999999997,4.149149999999997,0.27645000000000003
0,water,"['0.2', '0.2', '1.666666667', '0.17', '0.03', '0', '0', '0', '0', '1.1', '1.1', '0.303030303', '1.1', '0', '0', '0', '0', '0']",4.149149999999997,4.190737499999997,4.232324999999998,0.083175
0,water,"['0.2', '0.2', '1.666666667', '0.17', '0.03', '0', '0', '0', '0', '1.1', '1.1', '0.303030303', '1.1', '0', '0', '0', '0', '0']",4.232324999999998,4.273912499999998,4.315499999999998,0.083175
0,water,"['0.2', '0.2', '1.666666667', '0.17', '0.03', '0', '0', '0', '0', '1.1', '1.1', '0.303030303', '1.1', '0', '0', '0', '0', '0']",4.315499999999998,4.357087499999999,4.398674999999999,0.083175
0,water,"['0.2', '0.2', '1.666666667', '0.17', '0.03', '0', '0', '0', '0', '1.1', '1.1', '0.303030303', '1.1', '0', '0', '0', '0', '0']",4.398674999999999,4.440262499999999,4.48185,0.083175
1,U_fuel,"['0.2', '0.2', '1.666666667', '0.185', '0.015', '0', '0', '0', '1', '1', '1', '0.333333333', '0.8', '0', '0.2', '0.18', '1.4', '0']",4.48185,4.620075,4.7583,0.27645000000000003
1,U_fuel,"['0.2', '0.2', '1.666666667', '0.185', '0.015', '0', '0', '0', '1', '1', '1', '0.333333333', '0.8', '0', '0.2', '0.18', '1.4', '0']",4.7583,4.8965250000000005,5.034750000000001,0.27645000000000003
1,U_fuel,"['0.2', '0.2', '1.666666667', '0.185', '0.015', '0', '0', '0', '1', '1', '1', '0.333333333', '0.8', '0', '0.2', '0.18', '1.4', '0']",5.034750000000001,5.172975000000001,5.311200000000001,0.27645000000000003
1,U_fuel,"['0.2', '0.2', '1.666666667', '0.185', '0.015', '0', '0', '0', '1', '1', '1', '0.333333333', '0.8', '0', '0.2', '0.18', '1.4', '0']",5.311200000000001,5.4494250000000015,5.587650000000002,0.27645000000000003
0,water,"['0.2', '0.2', '1.666666667', '0.17', '0.03', '0', '0', '0', '0', '1.1', '1.1', '0.303030303', '1.1', '0', '0', '0', '0', '0']",5.587650000000002,5.629237500000002,5.6708250000000024,0.083175
0,water,"['0.2', '0.2', '1.666666667', '0.17', '0.03', '0', '0', '0', '0', '1.1', '1.1', '0.303030303', '1.1', '0', '0', '0', '0', '0']",5.6708250000000024,5.712412500000003,5.754000000000003,0.083175
0,water,"['0.2', '0.2', '1.666666667', '0.17', '0.03', '0', '0', '0', '0', '1.1', '1.1', '0.303030303', '1.1', '0', '0', '0', '0', '0']",5.754000000000003,5.7955875000000034,5.837175000000004,0.083175
0,water,"['0.2', '0.2', '1.666666667', '0.17', '0.03', '0', '0', '0', '0', '1.1', '1.1', '0.303030303', '1.1', '0', '0', '0', '0', '0']",5.837175000000004,5.878762500000004,5.920350000000004,0.083175
1,U_fuel,"['0.2', '0.2', '1.666666667', '0.185', '0.015', '0', '0', '0', '1', '1', '1', '0.333333333', '0.8', '0', '0.2', '0.18', '1.4', '0']",5.920350000000004,6.058575000000005,6.196800000000005,0.27645000000000003
1,U_fuel,"['0.2', '0.2', '1.666666667', '0.185', '0.015', '0', '0', '0', '1', '1', '1', '0.333333333', '0.8', '0', '0.2', '0.18', '1.4', '0']",6.196800000000005,6.335025000000005,6.4732500000000055,0.27645000000000003
1,U_fuel,"['0.2', '0.2', '1.666666667', '0.185', '0.015', '0', '0', '0', '1', '1', '1', '0.333333333', '0.8', '0', '0.2', '0.18', '1.4', '0']",6.4732500000000055,6.611475000000006,6.749700000000006,0.27645000000000003
1,U_fuel,"['0.2', '0.2', '1.666666667', '0.185', '0.015', '0', '0', '0', '1', '1', '1', '0.333333333', '0.8', '0', '0.2', '0.18', '1.4', '0']",6.749700000000006,6.887925000000006,7.026150000000007,0.27645000000000003
0,water,"['0.2', '0.2', '1.666666667', '0.17', '0.03', '0', '0', '0', '0', '1.1', '1.1', '0.303030303', '1.1', '0', '0', '0', '0', '0']",7.026150000000007,7.067737500000007,7.109325000000007,0.083175
0,water,"['0.2', '0.2', '1.666666667', '0.17', '0.03', '0', '0', '0', '0', '1.1', '1.1', '0.303030303', '1.1', '0', '0', '0', '0', '0']",7.109325000000007,7.1509125000000076,7.192500000000008,0.083175
0,water,"['0.2', '0.2', '1.666666667', '0.17', '0.03', '0', '0', '0', '0', '1.1', '1.1', '0.303030303', '1.1', '0', '0', '0', '0', '0']",7.192500000000008,7.234087500000008,7.2756750000000086,0.083175
0,water,"['0.2', '0.2', '1.666666667', '0.17', '0.03', '0', '0', '0', '0', '1.1', '1.1', '0.303030303', '1.1', '0', '0', '0', '0', '0']",7.2756750000000086,7.317262500000009,7.358850000000009,0.083175
1,U_fuel,"['0.2', '0.2', '1.666666667', '0.185', '0.015', '0', '0', '0', '1', '1', '1', '0.333333333', '0.8', '0', '0.2', '0.18', '1.4', '0']",7.358850000000009,7.4970750000000095,7.63530000000001,0.27645000000000003
1,U_fuel,"['0.2', '0.2', '1.666666667', '0.185', '0.015', '0', '0', '0', '1', '1', '1', '0.333333333', '0.8', '0', '0.2', '0.18', '1.4', '0']",7.63530000000001,7.77352500000001,7.91175000000001,0.27645000000000003
1,U_fuel,"['0.2', '0.2', '1.666666667', '0.185', '0.015', '0', '0', '0', '1', '1', '1', '0.333333333', '0.8', '0', '0.2', '0.18', '1.4', '0']",7.91175000000001,8.04997500000001,8.18820000000001,0.27645000000000003
1,U_fuel,"['0.2', '0.2', '1.666666667', '0.185', '0.015', '0', '0', '0', '1', '1', '1', '0.333333333', '0.8', '0', '0.2', '0.18', '1.4', '0']",8.18820000000001,8.326425000000011,8.464650000000011,0.27645000000000003
0,water,"['0.2', '0.2', '1.666666667', '0.17', '0.03', '0', '0', '0', '0', '1.1', '1.1', '0.303030303', '1.1', '0', '0', '0', '0', '0']",8.464650000000011,8.506237500000012,8.547825000000012,0.083175
0,water,"['0.2', '0.2', '1.666666667', '0.17', '0.03', '0', '0', '0', '0', '1.1', '1.1', '0.303030303', '1.1', '0', '0', '0', '0', '0']",8.547825000000012,8.589412500000012,8.631000000000013,0.083175
0,water,"['0.2', '0.2', '1.666666667', '0.17', '0.03', '0', '0', '0', '0', '1.1', '1.1', '0.303030303', '1.1', '0', '0', '0', '0', '0']",8.631000000000013,8.672587500000013,8.714175000000013,0.083175
0,water,"['0.2', '0.2', '1.666666667', '0.17', '0.03', '0', '0', '0', '0', '1.1', '1.1', '0.303030303', '1.1', '0', '0', '0', '0', '0']",8.714175000000013,8.755762500000014,8.797350000000014,0.083175
1,U_fuel,"['0.2', '0.2', '1.666666667', '0.185', '0.015', '0', '0', '0', '1', '1', '1', '0.333333333', '0.8', '0', '0.2', '0.18', '1.4', '0']",8.797350000000014,8.935575000000014,9.073800000000015,0.27645000000000003
1,U_fuel,"['0.2', '0.2', '1.666666667', '0.185', '0.015', '0', '0', '0', '1', '1', '1', '0.333333333', '0.8', '0', '0.2', '0.18', '1.4', '0']",9.073800000000015,9.212025000000015,9.350250000000015,0.27645000000000003
1,U_fuel,"['0.2', '0.2', '1.666666667', '0.185', '0.015', '0', '0', '0', '1', '1', '1', '0.333333333', '0.8', '0', '0.2', '0.18', '1.4', '0']",9.350250000000015,9.488475000000015,9.626700000000016,0.27645000000000003
1,U_fuel,"['0.2', '0.2', '1.666666667', '0.185', '0.015', '0', '0', '0', '1', '1', '1', '0.333333333', '0.8', '0', '0.2', '0.18', '1.4', '0']",9.626700000000016,9.764925000000016,9.903150000000016,0.27645000000000003
0,water,"['0.2', '0.2', '1.666666667', '0.17', '0.03', '0', '0', '0', '0', '1.1', '1.1', '0.303030303', '1.1', '0', '0', '0', '0', '0']",9.903150000000016,9.944737500000016,9.986325000000017,0.083175
0,water,"['0.2', '0.2', '1.666666667', '0.17', '0.03', '0', '0', '0', '0', '1.1', '1.1', '0.303030303', '1.1', '0', '0', '0', '0', '0']",9.986325000000017,10.027912500000017,10.069500000000017,0.083175
0,water,"['0.2', '0.2', '1.666666667', '0.17', '0.03', '0', '0', '0', '0', '1.1', '1.1', '0.303030303', '1.1', '0', '0', '0', '0', '0']",10.069500000000017,10.111087500000018,10.152675000000018,0.083175
0,water,"['0.2', '0.2', '1.666666667', '0.17', '0.03', '0', '0', '0', '0', '1.1', '1.1', '0.303030303', '1.1', '0', '0', '0', '0', '0']",10.152675000000018,10.194262500000018,10.235850000000019,0.083175
1,U_fuel,"['0.2', '0.2', '1.666666667', '0.185', '0.015', '0', '0', '0', '1', '1', '1', '0.333333333', '0.8', '0', '0.2', '0.18', '1.4', '0']",10.235850000000019,10.374075000000019,10.51230000000002,0.27645000000000003
1,U_fuel,"['0.2', '0.2', '1.666666667', '0.185', '0.015', '0', '0', '0', '1', '1', '1', '0.333333333', '0.8', '0', '0.2', '0.18', '1.4', '0']",10.51230000000002,10.65052500000002,10.78875000000002,0.27645000000000003
1,U_fuel,"['0.2', '0.2', '1.666666667', '0.185', '0.015', '0', '0', '0', '1', '1', '1', '0.333333333', '0.8', '0', '0.2', '0.18', '1.4', '0']",10.78875000000002,10.92697500000002,11.06520000000002,0.27645000000000003
1,U_fuel,"['0.2', '0.2', '1.666666667', '0.185', '0.015', '0', '0', '0', '1', '1', '1', '0.333333333', '0.8', '0', '0.2', '0.18', '1.4', '0']",11.06520000000002,11.20342500000002,11.34165000000002,0.27645000000000003
0,water,"['0.2', '0.2', '1.666666667', '0.17', '0.03', '0', '0', '0', '0', '1.1', '1.1', '0.303030303', '1.1', '0', '0', '0', '0', '0']",11.34165000000002,11.383237500000021,11.424825000000022,0.083175
0,water,"['0.2', '0.2', '1.666666667', '0.17', '0.03', '0', '0', '0', '0', '1.1', '1.1', '0.303030303', '1.1', '0', '0', '0', '0', '0']",11.424825000000022,11.466412500000022,11.508000000000022,0.083175
0,water,"['0.2', '0.2', '1.666666667', '0.17', '0.03', '0', '0', '0', '0', '1.1', '1.1', '0.303030303', '1.1', '0', '0', '0', '0', '0']",11.508000000000022,11.549587500000023,11.591175000000023,0.083175
0,water,"['0.2', '0.2', '1.666666667', '0.17', '0.03', '0', '0', '0', '0', '1.1', '1.1', '0.303030303', '1.1', '0', '0', '0', '0', '0']",11.591175000000023,11.632762500000023,11.674350000000024,0.083175
1,U_fuel,"['0.2', '0.2', '1.666666667', '0.185', '0.015', '0', '0', '0', '1', '1', '1', '0.333333333', '0.8', '0', '0.2', '0.18', '1.4', '0']",11.674350000000024,11.812575000000024,11.950800000000024,0.27645000000000003
1,U_fuel,"['0.2', '0.2', '1.666666667', '0.185', '0.015', '0', '0', '0', '1', '1', '1', '0.333333333', '0.8', '0', '0.2', '0.18', '1.4', '0']",11.950800000000024,12.089025000000024,12.227250000000025,0.27645000000000003
1,U_fuel,"['0.2', '0.2', '1.666666667', '0.185', '0.015', '0', '0', '0', '1', '1', '1', '0.333333333', '0.8', '0', '0.2', '0.18', '1.4', '0']",12.227250000000025,12.365475000000025,12.503700000000025,0.27645000000000003
1,U_fuel,"['0.2', '0.2', '1.666666667', '0.185', '0.015', '0', '0', '0', '1', '1', '1', '0.333333333', '0.8', '0', '0.2', '0.18', '1.4', '0']",12.503700000000025,12.641925000000025,12.780150000000026,0.27645000000000003
0,water,"['0.2', '0.2', '1.666666667', '0.17', '0.03', '0', '0', '0', '0', '1.1', '1.1', '0.303030303', '1.1', '0', '0', '0', '0', '0']",12.780150000000026,12.821737500000026,12.863325000000026,0.083175
0,water,"['0.2', '0.2', '1.666666667', '0.17', '0.03', '0', '0', '0', '0', '1.1', '1.1', '0.303030303', '1.1', '0', '0', '0', '0', '0']",12.863325000000026,12.904912500000027,12.946500000000027,0.083175
0,water,"['0.2', '0.2', '1.666666667', '0.17', '0.03', '0', '0', '0', '0', '1.1', '1.1', '0.303030303', '1.1', '0', '0', '0', '0', '0']",12.946500000000027,12.988087500000027,13.029675000000028,0.083175
0,water,"['0.2', '0.2', '1.666666667', '0.17', '0.03', '0', '0', '0', '0', '1.1', '1.1', '0.303030303', '1.1', '0', '0', '0', '0', '0']",13.029675000000028,13.071262500000028,13.112850000000028,0.083175
1,U_fuel,"['0.2', '0.2', '1.666666667', '0.185', '0.015', '0', '0', '0', '1', '1', '1', '0.333333333', '0.8', '0', '0.2', '0.18', '1.4', '0']",13.112850000000028,13.251075000000029,13.389300000000029,0.27645000000000003
1,U_fuel,"['0.2', '0.2', '1.666666667', '0.185', '0.015', '0', '0', '0', '1', '1', '1', '0.333333333', '0.8', '0', '0.2', '0.18', '1.4', '0']",13.389300000000029,13.527525000000029,13.66575000000003,0.27645000000000003
1,U_fuel,"['0.2', '0.2', '1.666666667', '0.185', '0.015', '0', '0', '0', '1', '1', '1', '0.333333333', '0.8', '0', '0.2', '0.18', '1.4', '0']",13.66575000000003,13.80397500000003,13.94220000000003,0.27645000000000003
1,U_fuel,"['0.2', '0.2', '1.666666667', '0.185', '0.015', '0', '0', '0', '1', '1', '1', '0.333333333', '0.8', '0', '0.2', '0.18', '1.4', '0']",13.94220000000003,14.08042500000003,14.21865000000003,0.27645000000000003
0,water,"['0.2', '0.2', '1.666666667', '0.17', '0.03', '0', '0', '0', '0', '1.1', '1.1', '0.303030303', '1.1', '0', '0', '0', '0', '0']",14.21865000000003,14.26023750000003,14.301825000000031,0.083175
0,water,"['0.2', '0.2', '1.666666667', '0.17', '0.03', '0', '0', '0', '0', '1.1', '1.1', '0.303030303', '1.1', '0', '0', '0', '0', '0']",14.301825000000031,14.343412500000031,14.385000000000032,0.083175
0,water,"['0.2', '0.2', '1.666666667', '0.17', '0.03', '0', '0', '0', '0', '1.1', '1.1', '0.303030303', '1.1', '0', '0', '0', '0', '0']",14.385000000000032,14.426587500000032,14.468175000000032,0.083175
0,water,"['0.2', '0.2', '1.666666667', '0.17', '0.03', '0', '0', '0', '0', '1.1', '1.1', '0.303030303', '1.1', '0', '0', '0', '0', '0']",14.468175000000032,14.509762500000033,14.551350000000033,0.083175
1,U_fuel,"['0.2', '0.2', '1.666666667', '0.185', '0.015', '0', '0', '0', '1', '1', '1', '0.333333333', '0.8', '0', '0.2', '0.18', '1.4', '0']",14.551350000000033,14.689575000000033,14.827800000000034,0.27645000000000003
1,U_fuel,"['0.2', '0.2', '1.666666667', '0.185', '0.015', '0', '0', '0', '1', '1', '1', '0.333333333', '0.8', '0', '0.2', '0.18', '1.4', '0']",14.827800000000034,14.966025000000034,15.104250000000034,0.27645000000000003
1,U_fuel,"['0.2', '0.2', '1.666666667', '0.185', '0.015', '0', '0', '0', '1', '1', '1', '0.333333333', '0.8', '0', '0.2', '0.18', '1.4', '0']",15.104250000000034,15.242475000000034,15.380700000000035,0.27645000000000003
1,U_fuel,"['0.2', '0.2', '1.666666667', '0.185', '0.015', '0', '0', '0', '1', '1', '1', '0.333333333', '0.8', '0', '0.2', '0.18', '1.4', '0']",15.380700000000035,15.518925000000035,15.657150000000035,0.27645000000000003
0,water,"['0.2', '0.2', '1.666666667', '0.17', '0.03', '0', '0', '0', '0', '1.1', '1.1', '0.303030303', '1.1', '0', '0', '0', '0', '0']",15.657150000000035,15.698737500000036,15.740325000000036,0.083175
0,water,"['0.2', '0.2', '1.666666667', '0.17', '0.03', '0', '0', '0', '0', '1.1', '1.1', '0.303030303', '1.1', '0', '0', '0', '0', '0']",15.740325000000036,15.781912500000036,15.823500000000037,0.083175
0,water,"['0.2', '0.2', '1.666666667', '0.17', '0.03', '0', '0', '0', '0', '1.1', '1.1', '0.303030303', '1.1', '0', '0', '0', '0', '0']",15.823500000000037,15.865087500000037,15.906675000000037,0.083175
0,water,"['0.2', '0.2', '1.666666667', '0.17', '0.03', '0', '0', '0', '0', '1.1', '1.1', '0.303030303', '1.1', '0', '0', '0', '0', '0']",15.906675000000037,15.948262500000038,15.989850000000038,0.083175
1,U_fuel,"['0.2', '0.2', '1.666666667', '0.185', '0.015', '0', '0', '0', '1', '1', '1', '0.333333333', '0.8', '0', '0.2', '0.18', '1.4', '0']",15.989850000000038,16.128075000000038,16.266300000000037,0.27645000000000003
1,U_fuel,"['0.2', '0.2', '1.666666667', '0.185', '0.015', '0', '0', '0', '1', '1', '1', '0.333333333', '0.8', '0', '0.2', '0.18', '1.4', '0']",16.266300000000037,16.404525000000035,16.542750000000034,0.27645000000000003
1,U_fuel,"['0.2', '0.2', '1.666666667', '0.185', '0.015', '0', '0', '0', '1', '1', '1', '0.333333333', '0.8', '0', '0.2', '0.18', '1.4', '0']",16.542750000000034,16.680975000000032,16.81920000000003,0.27645000000000003
1,U_fuel,"['0.2', '0.2', '1.666666667', '0.185', '0.015', '0', '0', '0', '1', '1', '1', '0.333333333', '0.8', '0', '0.2', '0.18', '1.4', '0']",16.81920000000003,16.95742500000003,17.095650000000028,0.27645000000000003
0,water,"['0.2', '0.2', '1.666666667', '0.17', '0.03', '0', '0', '0', '0', '1.1', '1.1', '0.303030303', '1.1', '0', '0', '0', '0', '0']",17.095650000000028,17.137237500000026,17.178825000000025,0.083175
0,water,"['0.2', '0.2', '1.666666667', '0.17', '0.03', '0', '0', '0', '0', '1.1', '1.1', '0.303030303', '1.1', '0', '0', '0', '0', '0']",17.178825000000025,17.220412500000023,17.26200000000002,0.083175
0,water,"['0.2', '0.2', '1.666666667', '0.17', '0.03', '0', '0', '0', '0', '1.1', '1.1', '0.303030303', '1.1', '0', '0', '0', '0', '0']",17.26200000000002,17.30358750000002,17.34517500000002,0.083175
0,water,"['0.2', '0.2', '1.666666667', '0.17', '0.03', '0', '0', '0', '0', '1.1', '1.1', '0.303030303', '1.1', '0', '0', '0', '0', '0']",17.34517500000002,17.386762500000017,17.428350000000016,0.083175
1,U_fuel,"['0.2', '0.2', '1.666666667', '0.185', '0.015', '0', '0', '0', '1', '1', '1', '0.333333333', '0.8', '0', '0.2', '0.18', '1.4', '0']",17.428350000000016,17.566575000000014,17.704800000000013,0.27645000000000003
1,U_fuel,"['0.2', '0.2', '1.666666667', '0.185', '0.015', '0', '0', '0', '1', '1', '1', '0.333333333', '0.8', '0', '0.2', '0.18', '1.4', '0']",17.704800000000013,17.84302500000001,17.98125000000001,0.27645000000000003
1,U_fuel,"['0.2', '0.2', '1.666666667', '0.185', '0.015', '0', '0', '0', '1', '1', '1', '0.333333333', '0.8', '0', '0.2', '0.18', '1.4', '0']",17.98125000000001,18.11947500000001,18.257700000000007,0.27645000000000003
1,U_fuel,"['0.2', '0.2', '1.666666667', '0.185', '0.015', '0', '0', '0', '1', '1', '1', '0.333333333', '0.8', '0', '0.2', '0.18', '1.4', '0']",18.257700000000007,18.395925000000005,18.534150000000004,0.27645000000000003
0,water,"['0.2', '0.2', '1.666666667', '0.17', '0.03', '0', '0', '0', '0', '1.1', '1.1', '0.303030303', '1.1', '0', '0', '0', '0', '0']",18.534150000000004,18.575737500000002,18.617325,0.083175
0,water,"['0.2', '0.2', '1.666666667', '0.17', '0.03', '0', '0', '0', '0', '1.1', '1.1', '0.303030303', '1.1', '0', '0', '0', '0', '0']",18.617325,18.6589125,18.700499999999998,0.083175
0,water,"['0.2', '0.2', '1.666666667', '0.17', '0.03', '0', '0', '0', '0', '1.1', '1.1', '0.303030303', '1.1', '0', '0', '0', '0', '0']",18.700499999999998,18.742087499999997,18.783674999999995,0.083175
0,water,"['0.2', '0.2', '1.666666667', '0.17', '0.03', '0', '0', '0', '0', '1.1', '1.1', '0.303030303', '1.1', '0', '0', '0', '0', '0']",18.783674999999995,18.825262499999994,18.866849999999992,0.083175
1,U_fuel,"['0.2', '0.2', '1.666666667', '0.185', '0.015', '0', '0', '0', '1', '1', '1', '0.333333333', '0.8', '0', '0.2', '0.18', '1.4', '0']",18.866849999999992,19.00507499999999,19.14329999999999,0.27645000000000003
1,U_fuel,"['0.2', '0.2', '1.666666667', '0.185', '0.015', '0', '0', '0', '1', '1', '1', '0.333333333', '0.8', '0', '0.2', '0.18', '1.4', '0']",19.14329999999999,19.281524999999988,19.419749999999986,0.27645000000000003
1,U_fuel,"['0.2', '0.2', '1.666666667', '0.185', '0.015', '0', '0', '0', '1', '1', '1', '0.333333333', '0.8', '0', '0.2', '0.18', '1.4', '0']",19.419749999999986,19.557974999999985,19.696199999999983,0.27645000000000003
1,U_fuel,"['0.2', '0.2', '1.666666667', '0.185', '0.015', '0', '0', '0', '1', '1', '1', '0.333333333', '0.8', '0', '0.2', '0.18', '1.4', '0']",19.696199999999983,19.83442499999998,19.97264999999998,0.27645000000000003
0,water,"['0.2', '0.2', '1.666666667', '0.17', '0.03', '0', '0', '0', '0', '1.1', '1.1', '0.303030303', '1.1', '0', '0', '0', '0', '0']",19.97264999999998,20.01423749999998,20.055824999999977,0.083175
0,water,"['0.2', '0.2', '1.666666667', '0.17', '0.03', '0', '0', '0', '0', '1.1', '1.1', '0.303030303', '1.1', '0', '0', '0', '0', '0']",20.055824999999977,20.097412499999976,20.138999999999974,0.083175
0,water,"['0.2', '0.2', '1.666666667', '0.17', '0.03', '0', '0', '0', '0', '1.1', '1.1', '0.303030303', '1.1', '0', '0', '0', '0', '0']",20.138999999999974,20.180587499999973,20.22217499999997,0.083175
0,water,"['0.2', '0.2', '1.666666667', '0.17', '0.03', '0', '0', '0', '0', '1.1', '1.1', '0.303030303', '1.1', '0', '0', '0', '0', '0']",20.22217499999997,20.26376249999997,20.30534999999997,0.083175
1,U_fuel,"['0.2', '0.2', '1.666666667', '0.185', '0.015', '0', '0', '0', '1', '1', '1', '0.333333333', '0.8', '0', '0.2', '0.18', '1.4', '0']",20.30534999999997,20.443574999999967,20.581799999999966,0.27645000000000003
1,U_fuel,"['0.2', '0.2', '1.666666667', '0.185', '0.015', '0', '0', '0', '1', '1', '1', '0.333333333', '0.8', '0', '0.2', '0.18', '1.4', '0']",20.581799999999966,20.720024999999964,20.858249999999963,0.27645000000000003
1,U_fuel,"['0.2', '0.2', '1.666666667', '0.185', '0.015', '0', '0', '0', '1', '1', '1', '0.333333333', '0.8', '0', '0.2', '0.18', '1.4', '0']",20.858249999999963,20.99647499999996,21.13469999999996,0.27645000000000003
1,U_fuel,"['0.2', '0.2', '1.666666667', '0.185', '0.015', '0', '0', '0', '1', '1', '1', '0.333333333', '0.8', '0', '0.2', '0.18', '1.4', '0']",21.13469999999996,21.272924999999958,21.411149999999957,0.27645000000000003
0,water,"['0.2', '0.2', '1.666666667', '0.17', '0.03', '0', '0', '0', '0', '1.1', '1.1', '0.303030303', '1.1', '0', '0', '0', '0', '0']",21.411149999999957,21.452737499999955,21.494324999999954,0.083175
0,water,"['0.2', '0.2', '1.666666667', '0.17', '0.03', '0', '0', '0', '0', '1.1', '1.1', '0.303030303', '1.1', '0', '0', '0', '0', '0']",21.494324999999954,21.535912499999952,21.57749999999995,0.083175
0,water,"['0.2', '0.2', '1.666666667', '0.17', '0.03', '0', '0', '0', '0', '1.1', '1.1', '0.303030303', '1.1', '0', '0', '0', '0', '0']",21.57749999999995,21.61908749999995,21.660674999999948,0.083175
0,water,"['0.2', '0.2', '1.666666667', '0.17', '0.03', '0', '0', '0', '0', '1.1', '1.1', '0.303030303', '1.1', '0', '0', '0', '0', '0']",21.660674999999948,21.702262499999946,21.743849999999945,0.083175
1,U_fuel,"['0.2', '0.2', '1.666666667', '0.185', '0.015', '0', '0', '0', '1', '1', '1', '0.333333333', '0.8', '0', '0.2', '0.18', '1.4', '0']",21.743849999999945,21.882074999999944,22.020299999999942,0.27645000000000003
1,U_fuel,"['0.2', '0.2', '1.666666667', '0.185', '0.015', '0', '0', '0', '1', '1', '1', '0.333333333', '0.8', '0', '0.2', '0.18', '1.4', '0']",22.020299999999942,22.15852499999994,22.29674999999994,0.27645000000000003
1,U_fuel,"['0.2', '0.2', '1.666666667', '0.185', '0.015', '0', '0', '0', '1', '1', '1', '0.333333333', '0.8', '0', '0.2', '0.18', '1.4', '0']",22.29674999999994,22.434974999999937,22.573199999999936,0.27645000000000003
1,U_fuel,"['0.2', '0.2', '1.666666667', '0.185', '0.015', '0', '0', '0', '1', '1', '1', '0.333333333', '0.8', '0', '0.2', '0.18', '1.4', '0']",22.573199999999936,22.711424999999934,22.849649999999933,0.27645000000000003
0,water,"['0.2', '0.2', '1.666666667', '0.17', '0.03', '0', '0', '0', '0', '1.1', '1.1', '0.303030303', '1.1', '0', '0', '0', '0', '0']",22.849649999999933,22.89123749999993,22.93282499999993,0.083175
0,water,"['0.2', '0.2', '1.666666667', '0.17', '0.03', '0', '0', '0', '0', '1.1', '1.1', '0.303030303', '1.1', '0', '0', '0', '0', '0']",22.93282499999993,22.97441249999993,23.015999999999927,0.083175
0,water,"['0.2', '0.2', '1.666666667', '0.17', '0.03', '0', '0', '0', '0', '1.1', '1.1', '0.303030303', '1.1', '0', '0', '0', '0', '0']",23.015999999999927,23.057587499999926,23.099174999999924,0.083175
0,water,"['0.2', '0.2', '1.666666667', '0.17', '0.03', '0', '0', '0', '0', '1.1', '1.1', '0.303030303', '1.1', '0', '0', '0', '0', '0']",23.099174999999924,23.140762499999923,23.18234999999992,0.083175
1,U_fuel,"['0.2', '0.2', '1.666666667', '0.185', '0.015', '0', '0', '0', '1', '1', '1', '0.333333333', '0.8', '0', '0.2', '0.18', '1.4', '0']",23.18234999999992,23.32057499999992,23.45879999999992,0.27645000000000003
1,U_fuel,"['0.2', '0.2', '1.666666667', '0.185', '0.015', '0', '0', '0', '1', '1', '1', '0.333333333', '0.8', '0', '0.2', '0.18', '1.4', '0']",23.45879999999992,23.597024999999917,23.735249999999915,0.27645000000000003
1,U_fuel,"['0.2', '0.2', '1.666666667', '0.185', '0.015', '0', '0', '0', '1', '1', '1', '0.333333333', '0.8', '0', '0.2', '0.18', '1.4', '0']",23.735249999999915,23.873474999999914,24.011699999999912,0.27645000000000003
1,U_fuel,"['0.2', '0.2', '1.666666667', '0.185', '0.015', '0', '0', '0', '1', '1', '1', '0.333333333', '0.8', '0', '0.2', '0.18', '1.4', '0']",24.011699999999912,24.14992499999991,24.28814999999991,0.27645000000000003
0,water,"['0.2', '0.2', '1.666666667', '0.17', '0.03', '0', '0', '0', '0', '1.1', '1.1', '0.303030303', '1.1', '0', '0', '0', '0', '0']",24.28814999999991,24.30894374999991,24.329737499999908,0.0415875
0,water,"['0.2', '0.2', '1.666666667', '0.17', '0.03', '0', '0', '0', '0', '1.1', '1.1', '0.303030303', '1.1', '0', '0', '0', '0', '0']",24.329737499999908,24.350531249999907,24.371324999999906,0.0415875
0,water,"['0.2', '0.2', '1.666666667', '0.17', '0.03', '0', '0', '0', '0', '1.1', '1.1', '0.303030303', '1.1', '0', '0', '0', '0', '0']",24.371324999999906,24.392118749999906,24.412912499999905,0.0415875
0,water,"['0.2', '0.2', '1.666666667', '0.17', '0.03', '0', '0', '0', '0', '1.1', '1.1', '0.303030303', '1.1', '0', '0', '0', '0', '0']",24.412912499999905,24.433706249999904,24.454499999999904,0.0415875
0,water,"['0.2', '0.2', '1.666666667', '0.17', '0.03', '0', '0', '0', '0', '1.1', '1.1', '0.303030303', '1.1', '0', '0', '0', '0', '0']",24.454499999999904,24.475293749999903,24.496087499999902,0.0415875
0,water,"['0.2', '0.2', '1.666666667', '0.17', '0.03', '0', '0', '0', '0', '1.1', '1.1', '0.303030303', '1.1', '0', '0', '0', '0', '0']",24.496087499999902,24.5168812499999,24.5376749999999,0.0415875
0,water,"['0.2', '0.2', '1.666666667', '0.17', '0.03', '0', '0', '0', '0', '1.1', '1.1', '0.303030303', '1.1', '0', '0', '0', '0', '0']",24.5376749999999,24.5584687499999,24.5792624999999,0.0415875
0,water,"['0.2', '0.2', '1.666666667', '0.17', '0.03', '0', '0', '0', '0', '1.1', '1.1', '0.303030303', '1.1', '0', '0', '0', '0', '0']",24.5792624999999,24.6000562499999,24.620849999999898,0.0415875
1,U_fuel,"['0.2', '0.2', '1.666666667', '0.185', '0.015', '0', '0', '0', '1', '1', '1', '0.333333333', '0.8', '0', '0.2', '0.18', '1.4', '0']",24.620849999999898,24.759074999999896,24.897299999999895,0.27645000000000003
1,U_fuel,"['0.2', '0.2', '1.666666667', '0.185', '0.015', '0', '0', '0', '1', '1', '1', '0.333333333', '0.8', '0', '0.2', '0.18', '1.4', '0']",24.897299999999895,25.035524999999893,25.17374999999989,0.27645000000000003
1,U_fuel,"['0.2', '0.2', '1.666666667', '0.185', '0.015', '0', '0', '0', '1', '1', '1', '0.333333333', '0.8', '0', '0.2', '0.18', '1.4', '0']",25.17374999999989,25.31197499999989,25.45019999999989,0.27645000000000003
1,U_fuel,"['0.2', '0.2', '1.666666667', '0.185', '0.015', '0', '0', '0', '1', '1', '1', '0.333333333', '0.8', '0', '0.2', '0.18', '1.4', '0']",25.45019999999989,25.588424999999887,25.726649999999886,0.27645000000000003
0,water,"['0.2', '0.2', '1.666666667', '0.17', '0.03', '0', '0', '0', '0', '1.1', '1.1', '0.303030303', '1.1', '0', '0', '0', '0', '0']",25.726649999999886,25.768237499999884,25.809824999999883,0.083175
0,water,"['0.2', '0.2', '1.666666667', '0.17', '0.03', '0', '0', '0', '0', '1.1', '1.1', '0.303030303', '1.1', '0', '0', '0', '0', '0']",25.809824999999883,25.85141249999988,25.89299999999988,0.083175
0,water,"['0.2', '0.2', '1.666666667', '0.17', '0.03', '0', '0', '0', '0', '1.1', '1.1', '0.303030303', '1.1', '0', '0', '0', '0', '0']",25.89299999999988,25.93458749999988,25.976174999999877,0.083175
0,water,"['0.2', '0.2', '1.666666667', '0.17', '0.03', '0', '0', '0', '0', '1.1', '1.1', '0.303030303', '1.1', '0', '0', '0', '0', '0']",25.976174999999877,26.017762499999876,26.059349999999874,0.083175
1,U_fuel,"['0.2', '0.2', '1.666666667', '0.185', '0.015', '0', '0', '0', '1', '1', '1', '0.333333333', '0.8', '0', '0.2', '0.18', '1.4', '0']",26.059349999999874,26.197574999999873,26.33579999999987,0.27645000000000003
1,U_fuel,"['0.2', '0.2', '1.666666667', '0.185', '0.015', '0', '0', '0', '1', '1', '1', '0.333333333', '0.8', '0', '0.2', '0.18', '1.4', '0']",26.33579999999987,26.47402499999987,26.612249999999868,0.27645000000000003
1,U_fuel,"['0.2', '0.2', '1.666666667', '0.185', '0.015', '0', '0', '0', '1', '1', '1', '0.333333333', '0.8', '0', '0.2', '0.18', '1.4', '0']",26.612249999999868,26.750474999999867,26.888699999999865,0.27645000000000003
1,U_fuel,"['0.2', '0.2', '1.666666667', '0.185', '0.015', '0', '0', '0', '1', '1', '1', '0.333333333', '0.8', '0', '0.2', '0.18', '1.4', '0']",26.888699999999865,27.026924999999864,27.165149999999862,0.27645000000000003
0,water,"['0.2', '0.2', '1.666666667', '0.17', '0.03', '0', '0', '0', '0', '1.1', '1.1', '0.303030303', '1.1', '0', '0', '0', '0', '0']",27.165149999999862,27.20673749999986,27.24832499999986,0.083175
0,water,"['0.2', '0.2', '1.666666667', '0.17', '0.03', '0', '0', '0', '0', '1.1', '1.1', '0.303030303', '1.1', '0', '0', '0', '0', '0']",27.24832499999986,27.289912499999858,27.331499999999856,0.083175
0,water,"['0.2', '0.2', '1.666666667', '0.17', '0.03', '0', '0', '0', '0', '1.1', '1.1', '0.303030303', '1.1', '0', '0', '0', '0', '0']",27.331499999999856,27.373087499999855,27.414674999999853,0.083175
0,water,"['0.2', '0.2', '1.666666667', '0.17', '0.03', '0', '0', '0', '0', '1.1', '1.1', '0.303030303', '1.1', '0', '0', '0', '0', '0']",27.414674999999853,27.456262499999852,27.49784999999985,0.083175
1,U_fuel,"['0.2', '0.2', '1.666666667', '0.185', '0.015', '0', '0', '0', '1', '1', '1', '0.333333333', '0.8', '0', '0.2', '0.18', '1.4', '0']",27.49784999999985,27.63607499999985,27.774299999999847,0.27645000000000003
1,U_fuel,"['0.2', '0.2', '1.666666667', '0.185', '0.015', '0', '0', '0', '1', '1', '1', '0.333333333', '0.8', '0', '0.2', '0.18', '1.4', '0']",27.774299999999847,27.912524999999846,28.050749999999844,0.27645000000000003
1,U_fuel,"['0.2', '0.2', '1.666666667', '0.185', '0.015', '0', '0', '0', '1', '1', '1', '0.333333333', '0.8', '0', '0.2', '0.18', '1.4', '0']",28.050749999999844,28.188974999999843,28.32719999999984,0.27645000000000003
1,U_fuel,"['0.2', '0.2', '1.666666667', '0.185', '0.015', '0', '0', '0', '1', '1', '1', '0.333333333', '0.8', '0', '0.2', '0.18', '1.4', '0']",28.32719999999984,28.46542499999984,28.60364999999984,0.27645000000000003
0,water,"['0.2', '0.2', '1.666666667', '0.17', '0.03', '0', '0', '0', '0', '1.1', '1.1', '0.303030303', '1.1', '0', '0', '0', '0', '0']",28.60364999999984,28.645237499999837,28.686824999999835,0.083175
0,water,"['0.2', '0.2', '1.666666667', '0.17', '0.03', '0', '0', '0', '0', '1.1', '1.1', '0.303030303', '1.1', '0', '0', '0', '0', '0']",28.686824999999835,28.728412499999834,28.769999999999833,0.083175
0,water,"['0.2', '0.2', '1.666666667', '0.17', '0.03', '0', '0', '0', '0', '1.1', '1.1', '0.303030303', '1.1', '0', '0', '0', '0', '0']",28.769999999999833,28.81158749999983,28.85317499999983,0.083175
0,water,"['0.2', '0.2', '1.666666667', '0.17', '0.03', '0', '0', '0', '0', '1.1', '1.1', '0.303030303', '1.1', '0', '0', '0', '0', '0']",28.85317499999983,28.89476249999983,28.936349999999827,0.083175
1,U_fuel,"['0.2', '0.2', '1.666666667', '0.185', '0.015', '0', '0', '0', '1', '1', '1', '0.333333333', '0.8', '0', '0.2', '0.18', '1.4', '0']",28.936349999999827,29.074574999999825,29.212799999999824,0.27645000000000003
1,U_fuel,"['0.2', '0.2', '1.666666667', '0.185', '0.015', '0', '0', '0', '1', '1', '1', '0.333333333', '0.8', '0', '0.2', '0.18', '1.4', '0']",29.212799999999824,29.351024999999822,29.48924999999982,0.27645000000000003
1,U_fuel,"['0.2', '0.2', '1.666666667', '0.185', '0.015', '0', '0', '0', '1', '1', '1', '0.333333333', '0.8', '0', '0.2', '0.18', '1.4', '0']",29.48924999999982,29.62747499999982,29.765699999999818,0.27645000000000003
1,U_fuel,"['0.2', '0.2', '1.666666667', '0.185', '0.015', '0', '0', '0', '1', '1', '1', '0.333333333', '0.8', '0', '0.2', '0.18', '1.4', '0']",29.765699999999818,29.903924999999816,30.042149999999815,0.27645000000000003
0,water,"['0.2', '0.2', '1.666666667', '0.17', '0.03', '0', '0', '0', '0', '1.1', '1.1', '0.303030303', '1.1', '0', '0', '0', '0', '0']",30.042149999999815,30.083737499999813,30.125324999999812,0.083175
0,water,"['0.2', '0.2', '1.666666667', '0.17', '0.03', '0', '0', '0', '0', '1.1', '1.1', '0.303030303', '1.1', '0', '0', '0', '0', '0']",30.125324999999812,30.16691249999981,30.20849999999981,0.083175
0,water,"['0.2', '0.2', '1.666666667', '0.17', '0.03', '0', '0', '0', '0', '1.1', '1.1', '0.303030303', '1.1', '0', '0', '0', '0', '0']",30.20849999999981,30.250087499999808,30.291674999999806,0.083175
0,water,"['0.2', '0.2', '1.666666667', '0.17', '0.03', '0', '0', '0', '0', '1.1', '1.1', '0.303030303', '1.1', '0', '0', '0', '0', '0']",30.291674999999806,30.333262499999805,30.374849999999803,0.083175
1,U_fuel,"['0.2', '0.2', '1.666666667', '0.185', '0.015', '0', '0', '0', '1', '1', '1', '0.333333333', '0.8', '0', '0.2', '0.18', '1.4', '0']",30.374849999999803,30.5130749999998,30.6512999999998,0.27645000000000003
1,U_fuel,"['0.2', '0.2', '1.666666667', '0.185', '0.015', '0', '0', '0', '1', '1', '1', '0.333333333', '0.8', '0', '0.2', '0.18', '1.4', '0']",30.6512999999998,30.7895249999998,30.927749999999797,0.27645000000000003
1,U_fuel,"['0.2', '0.2', '1.666666667', '0.185', '0.015', '0', '0', '0', '1', '1', '1', '0.333333333', '0.8', '0', '0.2', '0.18', '1.4', '0']",30.927749999999797,31.065974999999796,31.204199999999794,0.27645000000000003
1,U_fuel,"['0.2', '0.2', '1.666666667', '0.185', '0.015', '0', '0', '0', '1', '1', '1', '0.333333333', '0.8', '0', '0.2', '0.18', '1.4', '0']",31.204199999999794,31.342424999999793,31.48064999999979,0.27645000000000003
0,water,"['0.2', '0.2', '1.666666667', '0.17', '0.03', '0', '0', '0', '0', '1.1', '1.1', '0.303030303', '1.1', '0', '0', '0', '0', '0']",31.48064999999979,31.52223749999979,31.563824999999788,0.083175
0,water,"['0.2', '0.2', '1.666666667', '0.17', '0.03', '0', '0', '0', '0', '1.1', '1.1', '0.303030303', '1.1', '0', '0', '0', '0', '0']",31.563824999999788,31.605412499999787,31.646999999999785,0.083175
0,water,"['0.2', '0.2', '1.666666667', '0.17', '0.03', '0', '0', '0', '0', '1.1', '1.1', '0.303030303', '1.1', '0', '0', '0', '0', '0']",31.646999999999785,31.688587499999784,31.730174999999782,0.083175
0,water,"['0.2', '0.2', '1.666666667', '0.17', '0.03', '0', '0', '0', '0', '1.1', '1.1', '0.303030303', '1.1', '0', '0', '0', '0', '0']",31.730174999999782,31.77176249999978,31.81334999999978,0.083175
1,U_fuel,"['0.2', '0.2', '1.666666667', '0.185', '0.015', '0', '0', '0', '1', '1', '1', '0.333333333', '0.8', '0', '0.2', '0.18', '1.4', '0']",31.81334999999978,31.951574999999778,32.08979999999978,0.27645000000000003
1,U_fuel,"['0.2', '0.2', '1.666666667', '0.185', '0.015', '0', '0', '0', '1', '1', '1', '0.333333333', '0.8', '0', '0.2', '0.18', '1.4', '0']",32.08979999999978,32.228024999999775,32.36624999999977,0.27645000000000003
1,U_fuel,"['0.2', '0.2', '1.666666667', '0.185', '0.015', '0', '0', '0', '1', '1', '1', '0.333333333', '0.8', '0', '0.2', '0.18', '1.4', '0']",32.36624999999977,32.50447499999977,32.64269999999977,0.27645000000000003
1,U_fuel,"['0.2', '0.2', '1.666666667', '0.185', '0.015', '0', '0', '0', '1', '1', '1', '0.333333333', '0.8', '0', '0.2', '0.18', '1.4', '0']",32.64269999999977,32.78092499999977,32.91914999999977,0.27645000000000003
0,water,"['0.2', '0.2', '1.666666667', '0.17', '0.03', '0', '0', '0', '0', '1.1', '1.1', '0.303030303', '1.1', '0', '0', '0', '0', '0']",32.91914999999977,32.960737499999766,33.002324999999765,0.083175
0,water,"['0.2', '0.2', '1.666666667', '0.17', '0.03', '0', '0', '0', '0', '1.1', '1.1', '0.303030303', '1.1', '0', '0', '0', '0', '0']",33.002324999999765,33.04391249999976,33.08549999999976,0.083175
0,water,"['0.2', '0.2', '1.666666667', '0.17', '0.03', '0', '0', '0', '0', '1.1', '1.1', '0.303030303', '1.1', '0', '0', '0', '0', '0']",33.08549999999976,33.12708749999976,33.16867499999976,0.083175
0,water,"['0.2', '0.2', '1.666666667', '0.17', '0.03', '0', '0', '0', '0', '1.1', '1.1', '0.303030303', '1.1', '0', '0', '0', '0', '0']",33.16867499999976,33.21026249999976,33.251849999999756,0.083175
1,U_fuel,"['0.2', '0.2', '1.666666667', '0.185', '0.015', '0', '0', '0', '1', '1', '1', '0.333333333', '0.8', '0', '0.2', '0.18', '1.4', '0']",33.251849999999756,33.390074999999754,33.52829999999975,0.27645000000000003
1,U_fuel,"['0.2', '0.2', '1.666666667', '0.185', '0.015', '0', '0', '0', '1', '1', '1', '0.333333333', '0.8', '0', '0.2', '0.18', '1.4', '0']",33.52829999999975,33.66652499999975,33.80474999999975,0.27645000000000003
1,U_fuel,"['0.2', '0.2', '1.666666667', '0.185', '0.015', '0', '0', '0', '1', '1', '1', '0.333333333', '0.8', '0', '0.2', '0.18', '1.4', '0']",33.80474999999975,33.94297499999975,34.08119999999975,0.27645000000000003
1,U_fuel,"['0.2', '0.2', '1.666666667', '0.185', '0.015', '0', '0', '0', '1', '1', '1', '0.333333333', '0.8', '0', '0.2', '0.18', '1.4', '0']",34.08119999999975,34.219424999999745,34.357649999999744,0.27645000000000003
0,water,"['0.2', '0.2', '1.666666667', '0.17', '0.03', '0', '0', '0', '0', '1.1', '1.1', '0.303030303', '1.1', '0', '0', '0', '0', '0']",34.357649999999744,34.39923749999974,34.44082499999974,0.083175
0,water,"['0.2', '0.2', '1.666666667', '0.17', '0.03', '0', '0', '0', '0', '1.1', '1.1', '0.303030303', '1.1', '0', '0', '0', '0', '0']",34.44082499999974,34.48241249999974,34.52399999999974,0.083175
0,water,"['0.2', '0.2', '1.666666667', '0.17', '0.03', '0', '0', '0', '0', '1.1', '1.1', '0.303030303', '1.1', '0', '0', '0', '0', '0']",34.52399999999974,34.56558749999974,34.607174999999735,0.083175
0,water,"['0.2', '0.2', '1.666666667', '0.17', '0.03', '0', '0', '0', '0', '1.1', '1.1', '0.303030303', '1.1', '0', '0', '0', '0', '0']",34.607174999999735,34.648762499999734,34.69034999999973,0.083175
1,U_fuel,"['0.2', '0.2', '1.666666667', '0.185', '0.015', '0', '0', '0', '1', '1', '1', '0.333333333', '0.8', '0', '0.2', '0.18', '1.4', '0']",34.69034999999973,34.82857499999973,34.96679999999973,0.27645000000000003
1,U_fuel,"['0.2', '0.2', '1.666666667', '0.185', '0.015', '0', '0', '0', '1', '1', '1', '0.333333333', '0.8', '0', '0.2', '0.18', '1.4', '0']",34.96679999999973,35.10502499999973,35.243249999999726,0.27645000000000003
1,U_fuel,"['0.2', '0.2', '1.666666667', '0.185', '0.015', '0', '0', '0', '1', '1', '1', '0.333333333', '0.8', '0', '0.2', '0.18', '1.4', '0']",35.243249999999726,35.381474999999725,35.51969999999972,0.27645000000000003
1,U_fuel,"['0.2', '0.2', '1.666666667', '0.185', '0.015', '0', '0', '0', '1', '1', '1', '0.333333333', '0.8', '0', '0.2', '0.18', '1.4', '0']",35.51969999999972,35.65792499999972,35.79614999999972,0.27645000000000003
0,water,"['0.2', '0.2', '1.666666667', '0.17', '0.03', '0', '0', '0', '0', '1.1', '1.1', '0.303030303', '1.1', '0', '0', '0', '0', '0']",35.79614999999972,35.83773749999972,35.87932499999972,0.083175
0,water,"['0.2', '0.2', '1.666666667', '0.17', '0.03', '0', '0', '0', '0', '1.1', '1.1', '0.303030303', '1.1', '0', '0', '0', '0', '0']",35.87932499999972,35.920912499999716,35.962499999999714,0.083175
0,water,"['0.2', '0.2', '1.666666667', '0.17', '0.03', '0', '0', '0', '0', '1.1', '1.1', '0.303030303', '1.1', '0', '0', '0', '0', '0']",35.962499999999714,36.00408749999971,36.04567499999971,0.083175
0,water,"['0.2', '0.2', '1.666666667', '0.17', '0.03', '0', '0', '0', '0', '1.1', '1.1', '0.303030303', '1.1', '0', '0', '0', '0', '0']",36.04567499999971,36.08726249999971,36.12884999999971,0.083175
1,U_fuel,"['0.2', '0.2', '1.666666667', '0.185', '0.015', '0', '0', '0', '1', '1', '1', '0.333333333', '0.8', '0', '0.2', '0.18', '1.4', '0']",36.12884999999971,36.26707499999971,36.405299999999706,0.27645000000000003
1,U_fuel,"['0.2', '0.2', '1.666666667', '0.185', '0.015', '0', '0', '0', '1', '1', '1', '0.333333333', '0.8', '0', '0.2', '0.18', '1.4', '0']",36.405299999999706,36.543524999999704,36.6817499999997,0.27645000000000003
1,U_fuel,"['0.2', '0.2', '1.666666667', '0.185', '0.015', '0', '0', '0', '1', '1', '1', '0.333333333', '0.8', '0', '0.2', '0.18', '1.4', '0']",36.6817499999997,36.8199749999997,36.9581999999997,0.27645000000000003
1,U_fuel,"['0.2', '0.2', '1.666666667', '0.185', '0.015', '0', '0', '0', '1', '1', '1', '0.333333333', '0.8', '0', '0.2', '0.18', '1.4', '0']",36.9581999999997,37.0964249999997,37.2346499999997,0.27645000000000003
0,water,"['0.2', '0.2', '1.666666667', '0.17', '0.03', '0', '0', '0', '0', '1.1', '1.1', '0.303030303', '1.1', '0', '0', '0', '0', '0']",37.2346499999997,37.276237499999695,37.317824999999694,0.083175
0,water,"['0.2', '0.2', '1.666666667', '0.17', '0.03', '0', '0', '0', '0', '1.1', '1.1', '0.303030303', '1.1', '0', '0', '0', '0', '0']",37.317824999999694,37.35941249999969,37.40099999999969,0.083175
0,water,"['0.2', '0.2', '1.666666667', '0.17', '0.03', '0', '0', '0', '0', '1.1', '1.1', '0.303030303', '1.1', '0', '0', '0', '0', '0']",37.40099999999969,37.44258749999969,37.48417499999969,0.083175
0,water,"['0.2', '0.2', '1.666666667', '0.17', '0.03', '0', '0', '0', '0', '1.1', '1.1', '0.303030303', '1.1', '0', '0', '0', '0', '0']",37.48417499999969,37.525762499999686,37.567349999999685,0.083175
1,U_fuel,"['0.2', '0.2', '1.666666667', '0.185', '0.015', '0', '0', '0', '1', '1', '1', '0.333333333', '0.8', '0', '0.2', '0.18', '1.4', '0']",37.567349999999685,37.70557499999968,37.84379999999968,0.27645000000000003
1,U_fuel,"['0.2', '0.2', '1.666666667', '0.185', '0.015', '0', '0', '0', '1', '1', '1', '0.333333333', '0.8', '0', '0.2', '0.18', '1.4', '0']",37.84379999999968,37.98202499999968,38.12024999999968,0.27645000000000003
1,U_fuel,"['0.2', '0.2', '1.666666667', '0.185', '0.015', '0', '0', '0', '1', '1', '1', '0.333333333', '0.8', '0', '0.2', '0.18', '1.4', '0']",38.12024999999968,38.25847499999968,38.396699999999676,0.27645000000000003
1,U_fuel,"['0.2', '0.2', '1.666666667', '0.185', '0.015', '0', '0', '0', '1', '1', '1', '0.333333333', '0.8', '0', '0.2', '0.18', '1.4', '0']",38.396699999999676,38.534924999999674,38.67314999999967,0.27645000000000003
0,water,"['0.2', '0.2', '1.666666667', '0.17', '0.03', '0', '0', '0', '0', '1.1', '1.1', '0.303030303', '1.1', '0', '0', '0', '0', '0']",38.67314999999967,38.71473749999967,38.75632499999967,0.083175
0,water,"['0.2', '0.2', '1.666666667', '0.17', '0.03', '0', '0', '0', '0', '1.1', '1.1', '0.303030303', '1.1', '0', '0', '0', '0', '0']",38.75632499999967,38.79791249999967,38.83949999999967,0.083175
0,water,"['0.2', '0.2', '1.666666667', '0.17', '0.03', '0', '0', '0', '0', '1.1', '1.1', '0.303030303', '1.1', '0', '0', '0', '0', '0']",38.83949999999967,38.881087499999666,38.922674999999664,0.083175
0,water,"['0.2', '0.2', '1.666666667', '0.17', '0.03', '0', '0', '0', '0', '1.1', '1.1', '0.303030303', '1.1', '0', '0', '0', '0', '0']",38.922674999999664,38.96426249999966,39.00584999999966,0.083175
1,U_fuel,"['0.2', '0.2', '1.666666667', '0.185', '0.015', '0', '0', '0', '1', '1', '1', '0.333333333', '0.8', '0', '0.2', '0.18', '1.4', '0']",39.00584999999966,39.14407499999966,39.28229999999966,0.27645000000000003
1,U_fuel,"['0.2', '0.2', '1.666666667', '0.185', '0.015', '0', '0', '0', '1', '1', '1', '0.333333333', '0.8', '0', '0.2', '0.18', '1.4', '0']",39.28229999999966,39.42052499999966,39.558749999999655,0.27645000000000003
1,U_fuel,"['0.2', '0.2', '1.666666667', '0.185', '0.015', '0', '0', '0', '1', '1', '1', '0.333333333', '0.8', '0', '0.2', '0.18', '1.4', '0']",39.558749999999655,39.696974999999654,39.83519999999965,0.27645000000000003
1,U_fuel,"['0.2', '0.2', '1.666666667', '0.185', '0.015', '0', '0', '0', '1', '1', '1', '0.333333333', '0.8', '0', '0.2', '0.18', '1.4', '0']",39.83519999999965,39.97342499999965,40.11164999999965,0.27645000000000003
0,water,"['0.2', '0.2', '1.666666667', '0.17', '0.03', '0', '0', '0', '0', '1.1', '1.1', '0.303030303', '1.1', '0', '0', '0', '0', '0']",40.11164999999965,40.15323749999965,40.194824999999646,0.083175
0,water,"['0.2', '0.2', '1.666666667', '0.17', '0.03', '0', '0', '0', '0', '1.1', '1.1', '0.303030303', '1.1', '0', '0', '0', '0', '0']",40.194824999999646,40.236412499999645,40.27799999999964,0.083175
0,water,"['0.2', '0.2', '1.666666667', '0.17', '0.03', '0', '0', '0', '0', '1.1', '1.1', '0.303030303', '1.1', '0', '0', '0', '0', '0']",40.27799999999964,40.31958749999964,40.36117499999964,0.083175
0,water,"['0.2', '0.2', '1.666666667', '0.17', '0.03', '0', '0', '0', '0', '1.1', '1.1', '0.303030303', '1.1', '0', '0', '0', '0', '0']",40.36117499999964,40.40276249999964,40.44434999999964,0.083175
1,U_fuel,"['0.2', '0.2', '1.666666667', '0.185', '0.015', '0', '0', '0', '1', '1', '1', '0.333333333', '0.8', '0', '0.2', '0.18', '1.4', '0']",40.44434999999964,40.582574999999636,40.720799999999635,0.27645000000000003
1,U_fuel,"['0.2', '0.2', '1.666666667', '0.185', '0.015', '0', '0', '0', '1', '1', '1', '0.333333333', '0.8', '0', '0.2', '0.18', '1.4', '0']",40.720799999999635,40.85902499999963,40.99724999999963,0.27645000000000003
1,U_fuel,"['0.2', '0.2', '1.666666667', '0.185', '0.015', '0', '0', '0', '1', '1', '1', '0.333333333', '0.8', '0', '0.2', '0.18', '1.4', '0']",40.99724999999963,41.13547499999963,41.27369999999963,0.27645000000000003
1,U_fuel,"['0.2', '0.2', '1.666666667', '0.185', '0.015', '0', '0', '0', '1', '1', '1', '0.333333333', '0.8', '0', '0.2', '0.18', '1.4', '0']",41.27369999999963,41.41192499999963,41.550149999999626,0.27645000000000003
0,water,"['0.2', '0.2', '1.666666667', '0.17', '0.03', '0', '0', '0', '0', '1.1', '1.1', '0.303030303', '1.1', '0', '0', '0', '0', '0']",41.550149999999626,41.591737499999624,41.63332499999962,0.083175
0,water,"['0.2', '0.2', '1.666666667', '0.17', '0.03', '0', '0', '0', '0', '1.1', '1.1', '0.303030303', '1.1', '0', '0', '0', '0', '0']",41.63332499999962,41.67491249999962,41.71649999999962,0.083175
0,water,"['0.2', '0.2', '1.666666667', '0.17', '0.03', '0', '0', '0', '0', '1.1', '1.1', '0.303030303', '1.1', '0', '0', '0', '0', '0']",41.71649999999962,41.75808749999962,41.79967499999962,0.083175
0,water,"['0.2', '0.2', '1.666666667', '0.17', '0.03', '0', '0', '0', '0', '1.1', '1.1', '0.303030303', '1.1', '0', '0', '0', '0', '0']",41.79967499999962,41.841262499999615,41.882849999999614,0.083175
1,U_fuel,"['0.2', '0.2', '1.666666667', '0.185', '0.015', '0', '0', '0', '1', '1', '1', '0.333333333', '0.8', '0', '0.2', '0.18', '1.4', '0']",41.882849999999614,42.02107499999961,42.15929999999961,0.27645000000000003
1,U_fuel,"['0.2', '0.2', '1.666666667', '0.185', '0.015', '0', '0', '0', '1', '1', '1', '0.333333333', '0.8', '0', '0.2', '0.18', '1.4', '0']",42.15929999999961,42.29752499999961,42.43574999999961,0.27645000000000003
1,U_fuel,"['0.2', '0.2', '1.666666667', '0.185', '0.015', '0', '0', '0', '1', '1', '1', '0.333333333', '0.8', '0', '0.2', '0.18', '1.4', '0']",42.43574999999961,42.573974999999606,42.712199999999605,0.27645000000000003
1,U_fuel,"['0.2', '0.2', '1.666666667', '0.185', '0.015', '0', '0', '0', '1', '1', '1', '0.333333333', '0.8', '0', '0.2', '0.18', '1.4', '0']",42.712199999999605,42.8504249999996,42.9886499999996,0.27645000000000003
0,water,"['0.2', '0.2', '1.666666667', '0.17', '0.03', '0', '0', '0', '0', '1.1', '1.1', '0.303030303', '1.1', '0', '0', '0', '0', '0']",42.9886499999996,43.0302374999996,43.0718249999996,0.083175
0,water,"['0.2', '0.2', '1.666666667', '0.17', '0.03', '0', '0', '0', '0', '1.1', '1.1', '0.303030303', '1.1', '0', '0', '0', '0', '0']",43.0718249999996,43.1134124999996,43.154999999999596,0.083175
0,water,"['0.2', '0.2', '1.666666667', '0.17', '0.03', '0', '0', '0', '0', '1.1', '1.1', '0.303030303', '1.1', '0', '0', '0', '0', '0']",43.154999999999596,43.196587499999595,43.23817499999959,0.083175
0,water,"['0.2', '0.2', '1.666666667', '0.17', '0.03', '0', '0', '0', '0', '1.1', '1.1', '0.303030303', '1.1', '0', '0', '0', '0', '0']",43.23817499999959,43.27976249999959,43.32134999999959,0.083175
1,U_fuel,"['0.2', '0.2', '1.666666667', '0.185', '0.015', '0', '0', '0', '1', '1', '1', '0.333333333', '0.8', '0', '0.2', '0.18', '1.4', '0']",43.32134999999959,43.45957499999959,43.59779999999959,0.27645000000000003
1,U_fuel,"['0.2', '0.2', '1.666666667', '0.185', '0.015', '0', '0', '0', '1', '1', '1', '0.333333333', '0.8', '0', '0.2', '0.18', '1.4', '0']",43.59779999999959,43.736024999999586,43.874249999999584,0.27645000000000003
1,U_fuel,"['0.2', '0.2', '1.666666667', '0.185', '0.015', '0', '0', '0', '1', '1', '1', '0.333333333', '0.8', '0', '0.2', '0.18', '1.4', '0']",43.874249999999584,44.01247499999958,44.15069999999958,0.27645000000000003
1,U_fuel,"['0.2', '0.2', '1.666666667', '0.185', '0.015', '0', '0', '0', '1', '1', '1', '0.333333333', '0.8', '0', '0.2', '0.18', '1.4', '0']",44.15069999999958,44.28892499999958,44.42714999999958,0.27645000000000003
0,water,"['0.2', '0.2', '1.666666667', '0.17', '0.03', '0', '0', '0', '0', '1.1', '1.1', '0.303030303', '1.1', '0', '0', '0', '0', '0']",44.42714999999958,44.46873749999958,44.510324999999575,0.083175
0,water,"['0.2', '0.2', '1.666666667', '0.17', '0.03', '0', '0', '0', '0', '1.1', '1.1', '0.303030303', '1.1', '0', '0', '0', '0', '0']",44.510324999999575,44.551912499999574,44.59349999999957,0.083175
0,water,"['0.2', '0.2', '1.666666667', '0.17', '0.03', '0', '0', '0', '0', '1.1', '1.1', '0.303030303', '1.1', '0', '0', '0', '0', '0']",44.59349999999957,44.63508749999957,44.67667499999957,0.083175
0,water,"['0.2', '0.2', '1.666666667', '0.17', '0.03', '0', '0', '0', '0', '1.1', '1.1', '0.303030303', '1.1', '0', '0', '0', '0', '0']",44.67667499999957,44.71826249999957,44.75984999999957,0.083175
1,U_fuel,"['0.2', '0.2', '1.666666667', '0.185', '0.015', '0', '0', '0', '1', '1', '1', '0.333333333', '0.8', '0', '0.2', '0.18', '1.4', '0']",44.75984999999957,44.898074999999565,45.036299999999564,0.27645000000000003
1,U_fuel,"['0.2', '0.2', '1.666666667', '0.185', '0.015', '0', '0', '0', '1', '1', '1', '0.333333333', '0.8', '0', '0.2', '0.18', '1.4', '0']",45.036299999999564,45.17452499999956,45.31274999999956,0.27645000000000003
1,U_fuel,"['0.2', '0.2', '1.666666667', '0.185', '0.015', '0', '0', '0', '1', '1', '1', '0.333333333', '0.8', '0', '0.2', '0.18', '1.4', '0']",45.31274999999956,45.45097499999956,45.58919999999956,0.27645000000000003
1,U_fuel,"['0.2', '0.2', '1.666666667', '0.185', '0.015', '0', '0', '0', '1', '1', '1', '0.333333333', '0.8', '0', '0.2', '0.18', '1.4', '0']",45.58919999999956,45.727424999999556,45.865649999999555,0.27645000000000003
0,water,"['0.2', '0.2', '1.666666667', '0.17', '0.03', '0', '0', '0', '0', '1.1', '1.1', '0.303030303', '1.1', '0', '0', '0', '0', '0']",45.865649999999555,45.90723749999955,45.94882499999955,0.083175
0,water,"['0.2', '0.2', '1.666666667', '0.17', '0.03', '0', '0', '0', '0', '1.1', '1.1', '0.303030303', '1.1', '0', '0', '0', '0', '0']",45.94882499999955,45.99041249999955,46.03199999999955,0.083175
0,water,"['0.2', '0.2', '1.666666667', '0.17', '0.03', '0', '0', '0', '0', '1.1', '1.1', '0.303030303', '1.1', '0', '0', '0', '0', '0']",46.03199999999955,46.07358749999955,46.115174999999546,0.083175
0,water,"['0.2', '0.2', '1.666666667', '0.17', '0.03', '0', '0', '0', '0', '1.1', '1.1', '0.303030303', '1.1', '0', '0', '0', '0', '0']",46.115174999999546,46.156762499999545,46.19834999999954,0.083175
1,U_fuel,"['0.2', '0.2', '1.666666667', '0.185', '0.015', '0', '0', '0', '1', '1', '1', '0.333333333', '0.8', '0', '0.2', '0.18', '1.4', '0']",46.19834999999954,46.33657499999954,46.47479999999954,0.27645000000000003
1,U_fuel,"['0.2', '0.2', '1.666666667', '0.185', '0.015', '0', '0', '0', '1', '1', '1', '0.333333333', '0.8', '0', '0.2', '0.18', '1.4', '0']",46.47479999999954,46.61302499999954,46.75124999999954,0.27645000000000003
1,U_fuel,"['0.2', '0.2', '1.666666667', '0.185', '0.015', '0', '0', '0', '1', '1', '1', '0.333333333', '0.8', '0', '0.2', '0.18', '1.4', '0']",46.75124999999954,46.889474999999535,47.027699999999534,0.27645000000000003
1,U_fuel,"['0.2', '0.2', '1.666666667', '0.185', '0.015', '0', '0', '0', '1', '1', '1', '0.333333333', '0.8', '0', '0.2', '0.18', '1.4', '0']",47.027699999999534,47.16592499999953,47.30414999999953,0.27645000000000003
0,water,"['0.2', '0.2', '1.666666667', '0.17', '0.03', '0', '0', '0', '0', '1.1', '1.1', '0.303030303', '1.1', '0', '0', '0', '0', '0']",47.30414999999953,47.34573749999953,47.38732499999953,0.083175
0,water,"['0.2', '0.2', '1.666666667', '0.17', '0.03', '0', '0', '0', '0', '1.1', '1.1', '0.303030303', '1.1', '0', '0', '0', '0', '0']",47.38732499999953,47.42891249999953,47.470499999999525,0.083175
0,water,"['0.2', '0.2', '1.666666667', '0.17', '0.03', '0', '0', '0', '0', '1.1', '1.1', '0.303030303', '1.1', '0', '0', '0', '0', '0']",47.470499999999525,47.512087499999524,47.55367499999952,0.083175
0,water,"['0.2', '0.2', '1.666666667', '0.17', '0.03', '0', '0', '0', '0', '1.1', '1.1', '0.303030303', '1.1', '0', '0', '0', '0', '0']",47.55367499999952,47.59526249999952,47.63684999999952,0.083175
1,U_fuel,"['0.2', '0.2', '1.666666667', '0.185', '0.015', '0', '0', '0', '1', '1', '1', '0.333333333', '0.8', '0', '0.2', '0.18', '1.4', '0']",47.63684999999952,47.77507499999952,47.913299999999516,0.27645000000000003
1,U_fuel,"['0.2', '0.2', '1.666666667', '0.185', '0.015', '0', '0', '0', '1', '1', '1', '0.333333333', '0.8', '0', '0.2', '0.18', '1.4', '0']",47.913299999999516,48.051524999999515,48.18974999999951,0.27645000000000003
1,U_fuel,"['0.2', '0.2', '1.666666667', '0.185', '0.015', '0', '0', '0', '1', '1', '1', '0.333333333', '0.8', '0', '0.2', '0.18', '1.4', '0']",48.18974999999951,48.32797499999951,48.46619999999951,0.27645000000000003
1,U_fuel,"['0.2', '0.2', '1.666666667', '0.185', '0.015', '0', '0', '0', '1', '1', '1', '0.333333333', '0.8', '0', '0.2', '0.18', '1.4', '0']",48.46619999999951,48.60442499999951,48.74264999999951,0.27645000000000003
0,water,"['0.2', '0.2', '1.666666667', '0.17', '0.03', '0', '0', '0', '0', '1.1', '1.1', '0.303030303', '1.1', '0', '0', '0', '0', '0']",48.74264999999951,48.76344374999951,48.78423749999951,0.0415875
0,water,"['0.2', '0.2', '1.666666667', '0.17', '0.03', '0', '0', '0', '0', '1.1', '1.1', '0.303030303', '1.1', '0', '0', '0', '0', '0']",48.78423749999951,48.805031249999516,48.82582499999952,0.0415875
0,water,"['0.2', '0.2', '1.666666667', '0.17', '0.03', '0', '0', '0', '0', '1.1', '1.1', '0.303030303', '1.1', '0', '0', '0', '0', '0']",48.82582499999952,48.84661874999952,48.867412499999524,0.0415875
0,water,"['0.2', '0.2', '1.666666667', '0.17', '0.03', '0', '0', '0', '0', '1.1', '1.1', '0.303030303', '1.1', '0', '0', '0', '0', '0']",48.867412499999524,48.88820624999953,48.90899999999953,0.0415875
